78.453,81.158
-74.603,-51.479
-74.081,82.675
-44.3,-42.583
-89.737,91.501
18.533,92.978
-68.477,-67.42
67.681,94.119
-66.488,91.433
-2.9249,0.44012
60.056,99.866
-90.584,-15.648
-57.268,83.147
-20.432,58.441
-33.266,91.898
-54.079,31.148
-92.858,87.224
86.799,92.423
51.548,88.067
-98.833,48.626
-21.555,22.061
31.096,60.215
-65.763,-53.404
41.209,86.494
-93.633,52.653
-90.766,14.693
-80.574,58.516
-34.192,64.692
-55.308,38.966
-37.523,-36.58
16.905,90.044
-93.111,65.983
-41.908,-12.251
-23.688,-19.489
53.103,72.411
22.948,59.04
-62.625,98.238
-10.883,65.442
-50.21,41.873
-4.8429,50.937
-44.795,-20.185
19.888,35.941
31.02,60.105
-78.986,-67.478
-76.2,64.288
-0.32719,68.217
-29.099,91.949
-31.923,-13.986
-55.238,40.165
48.494,50.253
-48.981,51.577
-22.174,1.1914
-14.14,39.815
78.181,91.269
14.594,91.858
9.4431,69.944
-72.275,-44.731
-70.141,24.465
-48.498,17.672
68.143,92.694
-82.819,-49.144
0.099778,62.857
-51.295,4.3179
-81.967,85.853
-30.003,80.933
-60.681,76.878
-49.783,-12.202
23.209,56.345
-70.307,-5.3422
-29.668,23.963
-47.875,66.166
-10.869,17.053
9.9447,68.8
-60.759,83.439
-42.832,-39.23
-3.3411,51.44
-32.438,50.746
-23.911,59.697
13.564,97.498
-84.829,-68.19
-89.21,-52.624
6.1595,40.447
86.802,94.741
-74.019,94.461
-6.1219,72.02
-97.62,-19.623
-32.575,26.386
-67.564,97.047
11.895,58.857
-37.757,86.718
5.7066,44.069
-66.87,-3.1923
20.396,27.806
-47.406,77.527
-60.253,30.816
-20.927,37.843
-19.53,-9.8917
-83.236,31.771
-54.205,80.27
82.667,99.076
-69.524,30.633
-78.313,65.163
-92.777,7.6685
23.618,99.227
-84.365,13.429
-11.464,92.393
-78.669,49.221
32.503,92.38
-48.021,54.982
63.461,92.399
8.0408,73.739
-93.946,-83.113
-20.043,39.263
-88.194,60.014
-33.96,82.13
-63.631,-54.06
-77.21,-47.239
-72.786,-54.314
30.399,73.858
-44.914,9.972
-71.009,-43.636
70.606,76.013
-11.134,24.411
-29.81,51.183
2.6499,20.659
-19.638,56.653
-84.807,-77.214
-52.017,95.713
-75.336,69.719
-52.009,-6.7596
-34.869,-16.547
-90.069,26.041
-53.94,80.543
15.977,88.957
-1.8272,20.631
-2.1495,19.976
-32.456,-10.314
-26.151,2.763
-77.759,-18.454
-78.391,56.05
-22.052,-8.0249
-51.662,-9.8234
-19.218,10.228
-80.709,61.081
74.447,88.41
-89.562,91.227
-56.064,15.042
-88.044,-8.0716
-53.044,91.707
-29.368,58.009
-9.6251,64.239
-96.919,-33.314
-91.395,-88.181
-66.202,48.181
1.3589,29.823
-60.015,46.344
-14.561,29.549
-66.262,-9.8153
9.4018,50.339
48.939,88.364
-96.565,-62.209
37.355,65.811
-26.303,7.7493
25.124,30.102
45.326,56.045
-83.775,-81.102
75.515,85.877
-97.128,55.143
-41.139,-2.6417
-64.017,-12.828
-10.643,85.259
-86.364,-38.73
1.7017,16.219
2.1543,27.43
58.966,72.924
-88.809,28.864
-24.278,63.371
5.7845,62.316
6.5651,38.87
-57.519,-29.855
40.504,75.189
-11.092,24.495
-82.92,17.409
-88.532,-58.452
-39.751,25.89
-5.8153,59.236
-53.902,38.238
-30.938,68.862
-61.047,89.363
-54.816,4.0381
-65.858,90.763
-85.281,-54.467
-58.594,-12.86
82.838,84.676
-13.959,56.51
-63.037,-40.893
-69.631,80.976
69.582,95.95
-12.226,56.971
-77.776,-45.834
-54.438,-48.387
18.979,65.912
-47.558,64.436
14.137,20.569
14.366,42.243
-55.651,-42.796
-76.516,39.827
-40.665,59.252
-36.244,-11.682
-15.167,-10.757
-6.8675,1.5717
-82.897,-44.192
-47.504,35.075
60.203,80.733
-94.156,81.705
49.439,85.771
-47.898,46.066
-2.2782,37.928
-73.634,15.705
-61.819,-8.2302
9.3611,17.009
-85.328,4.2272
-53.681,64.465
-2.2205,44.581
24.812,85.172
-1.4723,35.827
-20.897,30.977
-26.513,78.025
7.7051,97.596
-92.452,-43.559
77.034,95.192
-34.751,59.237
-80.258,94.603
-47.626,-26.993
-75.818,35.946
-72.689,83.153
-72.904,44.245
-78.648,-33.576
30.751,79.496
-1.1652,-0.070244
23.058,55.81
16.627,43.007
39.651,80.744
-94.134,78.185
-33.167,5.5765
-93.585,39.749
-60.438,65.428
-93.892,-32.003
48.815,69.342
-50.786,0.0044871
-4.0156,16.298
80.944,87.535
-90.443,21.973
-89.204,23.533
-95.876,71.888
36.296,61.098
15.344,19.726
-77.194,-63.416
-52.014,59.249
23.57,77.302
-94.265,-85.957
-72.799,-66.415
57.778,95.736
-81.52,42.539
36.394,71.671
-85.711,46.748
4.33,30.106
-34.722,63.63
32.355,63.509
-76.487,44.488
-70.437,-70.027
-96.047,31.921
3.719,92.858
94.075,94.595
-75.228,29.798
-6.518,60.066
-9.2405,31.339
-41.963,-13.522
50.907,65.063
-83.306,11.624
-73.366,-14.441
-65.322,-46.561
-21.812,50.747
66.276,79.675
45.689,60.673
-87.906,-18.634
-20.148,87.663
-48.915,5.3752
-16.64,6.6326
31.372,90.951
-49.983,-41.603
-13.67,85.535
-66.566,18.317
-78.757,-59.34
-25.518,27.177
-60.376,59.674
-2.0625,0.34021
-32.101,30.162
59.191,90.326
-53.325,84.066
-89.465,20.168
-77.508,47.572
-46.176,3.1531
-15.433,67.568
9.5742,84.158
-0.35441,88.547
-44.478,-16.451
30.504,96.61
-39.709,83.46
1.9679,40.22
33.268,94.838
-60.544,7.8253
-77.763,39.621
-40.529,33.306
-64.374,-20.716
-74.397,-15.849
-65.776,38.769
-93.48,-81.626
-19.582,12.24
-40.964,76.373
-38.701,33.835
-78.888,-61.913
-26.217,18.766
-43.454,-7.8548
-68.956,96.328
-99.868,-68.719
-43.281,71.105
10.162,28.953
-24.746,74.18
-91.549,-61.815
-14.349,80.944
-73.805,-3.5956
-75.878,66.746
17.901,60.094
-54.762,83.576
-72.539,-23.076
0.94646,16.597
-49.639,-19.008
15.037,23.418
-46.944,21.244
-57.111,64.875
3.9865,96.533
46.05,97.837
16.814,38.975
-78.446,-17.716
-93.045,81.262
-41.434,75.931
60.288,63.552
-47.854,-30.7
-83.337,18.871
-95.497,2.2213
-26.633,-14.948
-37.456,47.896
-67.703,4.948
-64.247,60.904
-15.423,63.382
-81.154,-62.106
-75.261,19.705
-5.8151,64.199
27.58,39.19
27.706,79.191
-93.279,3.075
-86.239,8.9044
-36.08,21.288
6.1729,52.087
30.889,71.069
-23.426,-18.476
-83.07,63.996
43.672,46.775
-33.602,93.73
6.2668,67.95
-34.971,-25.655
-78.874,65.643
-64.696,22.192
-74.096,55.76
-15.309,75.977
-91.184,-81.835
-46.706,37.344
-69.269,46.755
-43.799,-12.566
-24.032,-11.983
5.4285,95.931
-20.201,-8.5151
-11.963,75.074
-68.638,3.6104
-34.793,88.725
78.9,91.539
-51.859,-50.595
-37.864,35.224
-42.187,-18.226
34.362,41.602
-86.401,74.264
-83.369,-49.042
-55.192,-7.6524
-93.922,33.567
50.64,68.878
-31.108,40.009
-57.098,56.104
35.066,35.981
-98.657,11.459
20.434,70.136
-22.646,11.713
80.355,83.198
-99.77,-16.096
-28.374,-7.5102
-15.13,-2.2025
-48.808,-7.8167
54.032,85.834
-35.506,-6.6486
-49.198,56.948
-13.756,-5.7286
-92.847,40.506
-64.825,-19.534
-63.632,44.352
-5.3028,71.25
-69.456,16.84
-31.775,-25.284
-55.661,21.478
-61.651,-56.201
4.4465,47.685
-51.43,-13.315
48.261,83.485
-85.91,-46.188
53.1,69.467
-62.268,35.976
-72.67,-42.5
-81.777,71.68
21.468,36.673
8.609,9.3186
-98.869,28.889
29.524,54.297
35.803,52.958
-15.786,27.157
-88.637,89.035
-58.213,17.149
-65.169,41.856
-52.754,45.722
-76.121,6.8582
-9.9725,83.411
-86.24,54.057
-63.294,-29.956
32.402,47.415
-16.768,39.343
55.399,68.386
-48.712,-14.901
22.247,22.692
8.1479,34.159
4.7184,73.988
-47.044,-40.237
-36.385,40.794
-76.157,-23.678
13.537,87.966
29.11,77.572
-4.1074,68.59
27.863,79.76
8.9432,87.801
29.462,63.087
-99.728,8.7772
-99.382,44.209
-82.506,4.4991
-47.855,98.741
-95.44,-56.265
-78.84,-15.183
-78.061,-31.787
-87.282,8.2708
-19.084,85.234
-40.3,-10.325
-32.383,-26.837
52.701,71.896
-31.904,25.579
-72.376,54.396
71.331,94.548
-61.594,-23.137
-72.225,39.138
25.581,39.253
-81.236,-9.9224
-5.2764,5.0809
6.0688,89.941
-83.3,72.228
-44.034,-3.0293
-21.309,-10.599
17.514,34.286
48.252,75.527
-6.1799,4.0105
-30.457,-12.516
-70.001,49.237
-6.4179,17.218
-47.571,72.165
-91.109,-6.6976
-0.3791,50.987
-51.443,-2.5139
-82.89,37.559
-86.523,-28.154
47.268,77.678
-53.366,-21.059
36.683,72.319
40.809,42.347
-11.539,74.563
-96.084,87.6
-72.062,-33.828
-21.22,-15.138
-45.946,96.113
-60.589,28.959
64.344,79.282
-14.016,-3.5539
-97.181,77.554
-21.763,24.576
-53.781,53.823
-20.642,5.4868
44.998,61.703
-56.796,-13.313
-51.165,58.081
-14.208,89.861
-97.965,-34.487
21.764,34.253
-12.271,91.595
-80.911,66.7
-92.882,53.771
-66.549,77.247
-50.612,72.396
-98.217,97.974
2.8847,62.984
-71.9,76.856
17.605,75.973
-60.027,-29.488
-18.609,18.684
17.036,49.741
33.536,65.117
29.605,57.993
-36.295,-13.326
-72.048,6.8128
-82.01,50.386
-72.741,30.092
35.73,71.475
-83.126,-0.9646
-62.058,94.418
-93.708,-0.99884
-70.478,67.081
-89.005,67.143
-90.028,70.143
9.1772,12.112
85.922,88.634
-35.705,39.333
16.558,61.293
20.28,63.079
57.924,75.803
59.837,97.782
-99.896,-90.087
-43.36,73.088
22.513,30.691
-2.0689,97.99
5.536,94.57
-4.0953,49.698
-54.431,-40.207
77.313,80.17
-10.64,14.932
63.197,69.036
-80.333,47.728
-94.474,-50.653
-83.303,79.987
4.8212,25.192
-75.96,32.189
-64.441,45.95
41.222,78.15
66.272,96.461
-93.033,53.806
16.289,51.568
85.663,91.422
-31.426,16.018
-96.603,27.649
-75.828,-31.399
-56.706,72.542
-3.1407,57.24
44.618,68.971
-58.119,-44.232
-95.195,22.943
-27.518,-1.7708
-90.093,-44.347
-32.049,-2.086
-61.498,-42.53
-75.383,-65.819
-58.901,-20.147
-70.697,39.53
-91.47,33.265
-11.387,27.04
-43.627,-13.341
-64.952,7.7193
-61.36,39.033
-0.1768,23.284
-46.198,7.1602
-10.963,11.936
-75.214,88.957
-1.9285,42.894
35.844,70.6
74.785,91.876
-45.941,55.067
-58.308,21.545
12.996,89.6
-88.072,28.062
-46.258,-16.594
-58.805,97.336
54.441,89.587
-78.858,36.18
-71.592,-16.613
-66.708,-23.97
-57.346,24.192
-23.412,14.742
-94.066,-89.584
-5.5358,86.24
-33.325,45.732
47.568,95.169
-87.319,11.089
69.261,72.088
-18.387,86.881
-7.5964,96.88
65.261,71.788
57.112,98.241
2.6755,4.7895
-64.48,85.087
-20.282,47.804
-73.214,13.486
-93.822,93.756
64.9,87.828
-39.739,91.922
-40.893,29.269
-33.413,-24.085
-6.5864,-4.6851
29.64,82.378
-97.029,-94.954
-68.661,68.441
-5.6864,11.807
-88.062,-30.424
-10.795,31.606
-89.152,77.927
-78.073,-64.578
-12.445,32.562
-43.954,-33.834
79.697,97.049
-76.369,21.752
-49.25,97.684
-73.477,7.9964
9.001,41.383
65.561,99.898
-42.43,67.401
-17.095,66.67
-59.257,-7.032
8.8835,52.791
63.641,74.989
-79.956,-75.8
-64.377,71.27
-28.073,79.955
-88.659,-56.427
-84.604,4.3771
-32.83,-5.157
-64.866,67.005
-58.211,-6.1213
-74.912,-6.3064
-73.543,82.426
-79.198,74.095
20.59,49.109
12.372,72.961
-88.378,-63.161
-40.013,44.442
-73.175,-32.2
-57.48,-19.756
5.396,78.988
-85.709,78.847
-51.503,55.672
-89.249,-86.126
-44.243,-11.656
-97.343,-24.126
72.935,79.438
-60.668,-16.008
-81.326,-52.025
-38.527,19.531
-8.7885,-4.1191
86.942,99.078
-33.581,63.577
-40.531,41.782
-87.591,48.644
-40.351,79.942
-90.73,-86.952
-32.818,1.0856
-99.133,52.285
26.214,65.619
-82.022,1.4871
-54.672,55.448
6.9663,81.027
-42.103,6.7544
-86.326,-78.169
-83.006,65.162
-86.332,-32.38
-41.205,-18.037
-97.933,-11.397
-90.311,79.788
-29.272,33.583
-75.964,20.694
5.2205,13.822
45.942,75.007
-30.285,41.451
-91.616,56.275
-71.532,-42.405
-84.681,38.506
11.334,48.105
-20.696,-8.695
-87.682,33.65
39.849,56.035
-32.483,14.271
21.573,25.739
48.251,75.553
-79.037,32.47
-74.422,75.083
-6.4966,9.908
-71.733,-2.9541
-86.373,78.095
42.848,59.792
-38.403,46.868
-89.734,34.233
-85.423,30.484
-82.295,6.2098
0.96212,88.602
-2.4001,36.743
-73.583,-0.43234
44.545,87.195
-77.929,-22.144
-76.571,-76.501
-51.915,28.144
-34.237,36.982
30.762,67.851
49.826,94.029
-56.966,16.637
48.006,52.069
-19.41,46.992
2.0081,94.12
-0.87116,73.386
-82.753,30.274
-39.609,-26.16
-82.078,37.006
19.588,65.193
-22.083,57.873
-26.469,55.061
-64.126,-58.794
-82.667,-78.128
54.387,81.032
-58.865,75.27
-22.346,99.959
10.356,72.851
-92.624,-54.209
8.9365,28.388
-3.1039,99.523
-69.631,2.2016
56.386,74.702
-85.956,-79.879
-41.187,97.508
-52.525,84.543
6.1745,12.852
-79.031,44.145
-97.269,-77.543
-41.686,84.537
9.2959,20.707
-5.2226,92.885
-38.206,38.95
51.62,90.168
-13.472,96.399
2.7126,31.1
-78.049,98.518
-8.8313,86.752
-62.508,-14.792
-57.357,-46.764
-61.35,59.566
-2.4792,66.551
45.327,53.792
-20.799,5.9491
-45.412,65.816
-92.553,2.3749
10.392,34.659
-57.343,-14.087
-9.6522,17.564
-71.447,21.971
-89.555,-88.119
21.712,54.544
-56.069,39.287
-74.934,-18.744
-73.97,25.982
-98.436,-74.484
-66.16,-15.378
-99.8,31.115
-16.368,44.585
-2.3029,6.2419
-78.236,-68.026
26.353,33.368
-96.416,-74.7
-76.065,-73.139
-80.281,90.425
-71.595,95.171
-93.817,-66.35
-60.75,-1.2236
-36.504,72.544
-51.425,-36.714
-56.487,66.854
-49.792,62.718
25.795,78.584
-99.552,40.645
-24.055,11.148
-63.113,80.881
-57.594,36.07
-84.531,-24.235
26.391,82.76
-51.346,41.343
-37.314,96.346
-66.759,69.936
-43.311,24.499
36.492,97.587
-65.914,-28.375
-48.442,97.385
-83.203,-20.64
-85.201,-49.939
36.819,62.269
-83.115,-19.522
6.2508,96.567
-19.563,60.125
24.134,47.765
-71.667,-69.126
-23.731,-12.421
-67.773,-29.924
-4.3005,51.622
17.481,74.222
-70.839,-29.845
37.107,81.066
-41.17,28.039
-67.412,6.1259
13.182,66.485
19.498,86.323
-32.938,56.62
-40.155,37.137
-9.4815,-6.7561
-47.936,-15.471
-28.079,13.854
-50.246,11.664
-36.14,48.509
-15.133,82.16
-75.025,58.918
-95.113,85.162
-36.496,3.5082
32.794,87.146
-51.904,48.002
52.78,63.527
20.069,51.865
-83.001,48.13
48.738,84.472
-89.28,-78.816
5.405,36.312
-76.229,-7.3479
-57.567,-23.971
-80.296,62.567
-51.181,64.715
-64.998,76.885
-67.286,42.529
-24.37,33.197
-50.216,78.878
-49.429,3.3116
40.54,53.449
-90.028,-69.282
35.947,49.337
-23.217,61.841
-47.959,49.724
-75.963,75.494
5.009,61.219
-34.833,-7.7758
-81.808,9.2899
-20.224,12.854
-63.852,6.3379
-48.923,-28.993
-95.893,-37.043
45.348,84.735
3.1546,30.74
-67.298,-59.101
35.621,84.219
-89.503,58.932
15.479,60.234
-11.993,35.714
-48.477,89.202
-81.688,50.389
-54.266,81.688
-87.163,1.9906
22.981,53.466
-36.786,34.24
-84.503,43.043
28.412,70.123
-71.095,-16.19
-25.903,-21.848
24.478,63.228
3.4688,62.908
57.815,98.102
-54.693,70.453
-20.399,1.1273
27.132,39.314
-11.207,49.532
-87.996,-15.92
62.263,73.35
-36.186,-28.985
97.21,99.401
-55.166,43.636
-17.363,30.49
-80.274,20.998
-22.551,46.912
-71.563,27.461
-94.973,-85.232
-75.898,-15.778
-0.64012,45.155
-95.517,-25.927
-89.234,68.312
-71.825,46.846
14.205,78.695
-64.629,-6.836
12.171,91.477
-46.936,-1.1087
-86.443,84.916
-55.246,79.529
-63.877,-4.8242
-90.99,-26.338
31.122,44.635
-30.512,87.64
24.085,32.123
-43.432,-23.226
-58.964,25.469
-95.67,-12.173
-94.55,82.114
22.018,49.169
-59.282,62.623
-23.339,3.9834
-89.235,23.456
15.099,72.437
-11.413,6.0103
-44.986,9.6018
-50.274,13.372
-9.6722,36.079
-54.457,-25.724
-84.354,60.89
-8.7299,97.221
-94.002,-90.431
7.1328,47.651
-92.4,-82.585
60.418,90.849
48.474,97.829
-86.611,87.49
2.6728,87.88
-96.364,-51.819
-48.007,36.768
51.795,56.747
6.8275,98.669
-28.659,77.072
50.572,79.801
-77.99,25.188
-56.44,-13.881
-63.572,46.144
-81.038,-78.612
-9.8073,23.289
28.015,87.932
-73.592,-29.109
30.44,96.87
65.4,89.116
-19.527,97.66
53.366,76.846
-32.66,40.116
-51.626,32.476
-51.167,51.966
-41.815,-40.899
-44.512,36.036
-98.778,5.5694
-25.058,-17.681
-12.613,20.528
-39.14,50.104
-41.828,16.707
-51.497,10.359
16.714,87.337
2.364,72.038
-83.481,-20.554
-4.1162,43.914
12.999,99.231
-46.038,94.252
-30.71,97.948
-63.265,77.309
-9.061,72.331
-93.473,-17.315
-56.454,-33.608
-74.869,49.749
-38.217,28.873
-66.152,45.221
56.574,90.441
8.654,38.758
-98.04,-49.717
15.714,68.643
83.095,84.466
54.191,79.119
-91.468,-3.4987
-24.363,-11.452
-37.649,40.868
-88.937,45.903
-55.145,50.758
-73.611,-46.189
-28.816,34.606
-20.826,-4.5016
24.743,77.104
-95.752,-52.711
-42.386,65.929
-49.931,53.384
-2.3241,86.896
-78.422,45.807
-63.554,-59.477
-80.181,-56.745
-2.0472,95.267
-61.351,18.647
-39.119,79.178
-80.182,93.541
-91.167,79.194
-61.995,11.459
-99.64,54.499
-37.612,42.353
-76.338,-32.209
-92.195,-57.971
2.0305,19.639
20.863,81.273
3.2865,25.785
-98.499,-79.693
-21.829,37.787
-89.077,89.204
0.25658,74.707
-77.345,-13.656
-29.086,99.512
-51.613,62.321
-2.8697,12.067
22.545,78.89
-72.491,-39.838
-21.999,59.628
59.128,85.471
-29.78,42.715
-89.141,23.667
-31.342,41.741
87.205,98.586
-75.045,-67.505
-77.287,46.117
29.295,82.575
-3.6686,66.63
-20.344,70.361
49.964,61.983
-62.648,67.044
-50.56,-35.508
-89.162,10.452
21.792,95.826
9.8617,55.446
-33.915,2.2128
-94.45,23.894
-27.873,98.077
0.18798,51.302
-33.601,-17.22
25.127,38.949
15.027,94.547
-34.449,50.197
-69.296,67.561
-28.643,47.814
-71.21,90.835
-93.615,70.122
-32.426,-28.626
-44.961,32.531
-98.798,-43.7
-53.923,60.382
-0.51834,42.226
7.5686,24.915
18.122,74.183
32.088,44.569
-90.489,33.617
-64.234,-30.243
-9.7319,10.099
-51.819,91.975
19.204,43.009
61.714,71.236
-43.698,96.906
46.21,77.185
-72.447,-57.233
-93.074,67.345
-72.28,-9.7752
-97.241,17.642
-26.769,-5.2579
61.352,90.239
-50.21,0.75616
-22.715,-2.0811
-10.111,64.929
-91.54,-23.888
85.174,94.592
-62.159,48.169
33.424,47.527
17.288,89.383
2.0199,35.022
-27.796,58.376
-9.5653,24.056
62.23,69.84
-96.149,-21.914
-83.225,47.675
94.96,95.288
4.6598,30.27
-53.752,-14.017
-58.568,-19.302
-77.826,-46.312
-48.431,-24.958
-34.019,-33.667
-69.553,-31.579
-30.398,63.424
-75.668,6.3371
4.2244,76.831
-81.144,54.862
-75.947,86.008
-20.196,25.09
-90.52,-30.67
-33.076,-31.525
14.923,47.193
58.936,72.788
-60.287,8.9812
34.49,37.245
78.727,80.366
-89.042,-60.169
-40.343,-39.268
-90.762,-0.69595
-60.905,77.981
0.28292,44.033
-44.601,44.351
6.7916,75.56
14.85,16.487
-85.863,-17.439
-97.047,84.549
-42.811,1.3494
-23.747,8.7326
-87.014,96.955
-28.284,43.136
-53.15,67.794
-5.8751,62.756
-21.313,12.143
-89.285,-46.182
-24.99,49.804
-66.94,29.362
-38.451,82.444
-72.255,-36.159
-34.044,-4.8854
53.443,57.623
-86.005,56.059
-73.299,-68.358
-95.689,-42.711
11.968,37.426
-71.77,-39.836
2.4173,87.882
44.265,96.181
-42.676,85.769
49.97,79.222
-18.536,19.505
-52.102,76.803
-56.185,9.8316
45.677,68.478
15.352,32.587
-10.694,58.776
-6.179,29.26
-38.095,4.2406
-25.537,37.516
87.427,97.37
53.987,65.907
65.916,69.817
-25.493,41.217
18.637,19.067
50.575,74.511
-0.65556,86.7
33.693,73.027
-86.394,-58.645
30.77,93.709
-85.59,-80.249
-18.655,9.3954
-19.406,33.386
-78.592,86.745
44.833,62.19
51.35,56.594
-16.591,13.324
62.264,94.357
15.355,97.595
72.83,88.806
-22.223,74.29
-9.0516,1.5204
-5.3939,56.885
65.76,76.568
-35.504,82.742
11.657,95.229
-44.358,19.774
-85.434,-70.225
50.245,79.943
-9.9213,66.238
-58.866,84.468
-34.595,79.93
52.517,60.814
7.6501,76.497
-43.01,-7.341
34.645,64.15
32.856,90.381
-84.745,-75.437
-18.536,41.734
-53.015,-44.943
-20.221,43.334
66.503,79.24
65.316,99.075
-21.995,29.95
-0.41941,40.791
38.961,86.461
37.531,66.874
13.671,21.926
-23.83,14.947
-34.792,26.916
-27.354,-8.7151
-18.476,42.759
-26.26,76.881
-96.277,0.68277
34.955,82.107
-58.714,-12.298
-76.593,14.825
-2.6135,62.936
-50.754,15.919
-31.457,75.666
-87.81,-24.862
-83.148,12.384
-20.836,12.648
-20.374,7.8621
3.0734,53.612
-53.382,31.506
17.472,90.183
-8.2052,44.47
-19.984,72.196
-73.132,-29.224
-87.907,-30.563
-83.151,-49.256
-67.22,90.506
-40.36,-35.156
-68.319,-39.655
-97.664,-27.741
7.981,48.326
-80.925,41.18
-70.697,40.178
-98.755,26.228
80.299,94.844
-36.331,14.168
19.417,99.37
-40.441,10.708
-74.997,3.0917
-33.864,-22.329
-14,63.538
-1.6387,96.235
-85.793,72.398
-83.236,77.548
-87.073,-32.458
-52.774,-12.763
-36.439,65.326
-21.093,96.89
9.6502,22.695
49.85,63.728
68.37,77.247
-66.622,86.222
-61.843,80.62
-78.975,-48.284
49.019,79.573
18.672,45.874
0.76802,43.494
-73.314,22.562
-10.842,63.884
1.7574,6.3778
-9.2213,71.943
-14.418,35.545
61.168,93.211
6.2486,24.011
39.078,91.179
-86.665,44.033
-30.621,8.3036
-43.668,3.3981
-3.8199,11.339
-68.701,36.973
-58.348,12.411
21.632,38.961
-34.765,-14.709
67.254,76.169
-73.321,46.277
-9.1575,91.823
-69.42,-22.722
-69.492,55.111
-68.889,46.854
-82.086,-13.944
-9.1151,38.751
33.779,89.043
56.847,66.26
41.114,58.047
-78.133,42.542
-22.014,-5.4805
18.181,41.718
-8.124,91.612
-89.932,1.1551
-54.262,-38.989
57.962,66.838
-96.871,-52.723
-84.386,-7.0601
23.877,33.809
0.042265,23.066
-75.475,-56.401
-75.241,14.323
-75.562,-43.108
34.233,47.147
-17.738,19.917
-88.805,65.796
-88.731,87.023
-69.5,-20.187
-96.076,-89.558
-12.965,14.237
49.534,66.444
-35.951,23.478
-1.4131,4.0259
-55.669,72.774
-3.5389,81.61
-78.397,7.9992
-55.789,3.3994
-80.811,-71.369
-87.967,11.874
-99.084,63.902
53.336,54.296
-60.861,69.742
79.024,83.364
36.86,97.394
1.0266,31.369
-45.716,98.076
-93.262,-79.85
-15.149,1.5698
-2.0033,17.122
16.701,52.577
-83.407,-83.346
32.031,32.319
-89.539,3.3958
-65.79,11.366
42.405,87.712
-2.4179,18.097
-11.873,23.52
-57.244,88.384
29.132,31.183
-23.872,-9.6109
-79.257,67.939
-24.498,6.5247
-47.428,10.777
-51.743,36.013
-26.562,24.585
-52.142,4.5856
-17.352,15.785
-56.442,73.377
-18.645,71.711
-77.477,72.202
-43.212,-11.231
-39.963,23.079
-19.723,55.898
66.673,90.969
-19.274,83.921
-23.037,-21.965
-67.471,-27.91
-71.949,59.35
-77.237,-47.974
-28.834,-14.121
-48.543,69.552
-40.489,16.556
-15.028,17.236
-76.159,85.168
-0.98662,15.016
-98.005,41.281
-51.285,61.875
21.762,57.014
-85.182,-4.0173
-46.312,-21.223
-99.321,-48.381
-55.865,-3.7981
-99.74,-54.532
-90.28,-62.164
-71.503,-66.152
-48.311,-46.385
-65.022,-60.418
-72.27,21.139
19.777,64.741
62.123,80.212
60.447,87.876
-3.4657,71.876
-24.798,56.217
-59.241,4.756
-47.025,98.669
-12.735,30.124
-65.229,-56.965
-94.779,-51.225
-32.062,90.936
-60.428,-13.881
1.3667,92.312
52.483,90.152
-98.53,-21.079
16.893,36.008
21.307,41.19
29.026,42.929
-19.693,10.462
-56.378,71.738
54.473,84.097
-54.394,50.168
-42.882,-25.827
59.363,78.186
-71.447,71.275
-19.513,0.91004
-36.396,22.138
21.727,40.759
-23.332,82.039
45.737,81.82
18.319,77.457
-72.357,70.613
-11.52,72.613
-15.651,80.871
-93.364,-17.737
6.4853,91.828
43.299,50.049
-64.14,96.199
-53.297,-32.693
-80.755,-62.457
-35.615,-23.084
-19.229,0.05451
9.7133,14.051
-1.429,10.546
-45.038,-19.823
-51.7,98.998
-51.371,-47.8
-69.168,33.065
91.283,92.851
34.23,87.132
-40.165,63.743
6.2253,45.652
-99.707,-64.838
-27.926,76.758
-62.242,-19.123
-99.76,-39.759
-36.716,90.116
-7.8704,39.923
-42.47,25.051
-83.075,8.6124
-12.193,16.436
-85.381,0.33182
16.113,52.309
-42.597,52.482
-27.616,15.211
44.965,49.533
29.107,71.662
-75.356,-30.417
0.87957,92.349
-30.548,90.714
-81.57,-58.793
-70.43,53.649
-60.366,23.106
34.454,83.784
-13.698,20.507
38.881,40.428
-48.643,48.735
-98.048,-22.98
-49.699,6.4566
-5.5754,89.246
29.014,81.289
-44.206,-21.463
-95.029,3.5722
-50.867,34.287
-40.498,67.434
30.095,94.3
-9.9352,72.221
-58.017,16.494
-20.181,37.328
43.887,77.577
-48.694,30.008
45.383,93.36
-25.23,23.831
-76.776,65.24
-88.469,31.139
9.2905,95.953
-49.734,-43.035
-91.969,18.995
-53.325,92.432
-62.844,-27.777
-31.671,97.22
-58.569,86.58
-21.866,51.417
-45.357,77.266
-68.217,-20.578
-25.056,62.184
-73.777,-4.6984
-76.742,-12.992
-81.697,75.144
22.925,27.037
-97.804,-80.544
14.652,81.688
-92.997,57.946
-92.05,-52.927
-10.396,97.714
-87.72,-24.662
-0.74222,0.86485
28.463,52.699
-90.225,-55.747
45.186,67.411
40.266,94.215
-8.2218,69.275
1.1999,16.459
-44.225,-32.182
-65.875,49.323
-52.614,-20.161
83.955,91.469
-54.791,24.052
-27.799,20.052
-65.479,-35.088
-83.284,-81.931
-48.948,2.5331
66.573,71.714
80.923,82.213
39.927,44.719
-23.401,45.036
62.126,76.091
-19.231,84.91
-83.749,97.688
-82,-3.4654
-74.347,-35.812
-49.418,2.2818
-87.879,76.792
-60.745,45.138
-75.729,11.311
5.872,8.739
57.806,58.308
-36.433,67.836
-9.5585,36.047
-16.616,50.446
-78.028,28.578
-78.052,-57.184
-46.023,23.454
4.9275,35.038
20.205,94.53
-30.738,42.082
-37.628,-27.12
-65.704,-41.709
-1.4666,82.329
-29.075,27.855
-48.926,55.012
67.651,68.967
16.944,63.305
69.246,89.622
-87.794,-25.963
-42.978,72.267
-7.2182,65.546
-61.803,14.11
-11.494,39.061
-21.318,92.183
9.2626,65.315
27.315,35.374
-58.479,14.178
-36.379,85.422
-73.238,72.753
-66.032,34.293
-64.26,14.198
-66.047,-51.299
-70.469,50.356
-60.173,-4.7841
81.62,96.588
10.435,41.928
-93.412,-64.913
-89.227,71.659
61.013,81.882
-9.725,92.333
12.576,57.929
-64.668,-27.143
2.7358,6.47
9.6944,42.331
-66.945,74.295
-34.262,-1.2214
7.0235,30.024
-60.239,94.967
-84.807,24.634
-94.737,17.404
-38.173,6.5999
-47.233,-34.645
20.438,51.753
-27.613,99.043
-73.016,-62.686
56.229,82.763
31.755,98.472
-15.155,48.912
45.773,68.436
-0.32928,3.3314
-69.626,61.798
-28.698,-23.867
-85.351,64.204
-65.727,18.198
-34.005,82.038
-61.247,93.294
-13.526,61.259
-55.562,49.832
-92.163,99.955
-87.252,89.265
-14.903,52.735
-63.231,-19.941
-77.615,-0.41024
-15.138,3.5691
22.709,98.849
-56.02,92.481
-29.184,35.788
-46.752,-19.3
-41.7,86.996
-62.322,-4.1031
-51.272,41.015
11.712,73.745
5.7222,51.326
82.827,99.096
92.486,94.786
7.0134,17.085
-76.205,92.774
-76.875,85.307
-89.71,18.712
-39.13,76.723
-15.105,16.038
6.1929,21.451
-85.847,80.242
8.1101,84.954
-13.604,28.416
-79.1,8.5334
-96.665,-20.839
-83.019,60.184
-71.498,-57.104
-50.24,-4.3051
-54.669,-48.633
32.353,50.831
-66.078,9.4573
-44.243,10.697
-60.356,26.115
-60.986,97.091
-34.632,26.856
20.091,76.068
-5.7796,81.837
-19.206,14.167
-64.154,-32.916
20.309,68.897
23.065,44.052
-24.678,35.756
-57.448,75.436
-83.675,56.97
-45.104,-7.0091
62.795,73.504
11.871,79.689
-14.152,-7.0744
-33.134,-13.94
19.329,54.797
30.784,80.398
31.546,40.413
-67.796,-24.509
-13.525,46.991
1.0172,90.821
-24.934,8.5626
-37.778,-31.516
-85.753,55.429
-63.604,-23.211
-81.402,42.311
-98.133,45.836
83.005,87.512
3.4509,28.548
-99.716,80.614
-93.923,-56.361
-58.306,74.644
-83.461,-9.0068
-74.547,-6.9193
-98.27,-95.614
45.416,61.656
-64.158,-29.177
-66.922,56.089
-63.679,-12.669
-12.689,38.287
-90.157,-57.247
-81.78,53.667
0.23002,18.807
-88.429,68.274
-12.65,71.443
14.451,92.722
-2.22,13.013
-55.938,64.763
-74.78,-54.758
-39.977,7.3576
-99.576,52.422
-30.487,90.221
-7.7536,53.26
27.865,50.261
-72.227,83.467
-67.685,-30.136
-69.732,43.127
-0.65586,15.548
-13.34,61.73
26.574,76.849
-21.39,37.68
-64.205,27.914
26.667,45.864
24.8,71.969
-34.412,25.391
-63.882,60.593
14.661,99.896
-67.287,96.196
-74.593,81.21
-84.531,-53.552
-95.274,-32.293
16.124,21.487
-77.838,-4.953
-18.508,61.064
6.1556,76.815
-54.538,9.6266
-26.199,41.897
-70.273,-58.331
-11.811,31.623
26.797,91.239
-75.195,-54.139
-63.554,-5.8474
-66.729,71.379
-91.322,-70.079
-59.451,38.325
-73.244,91.503
-94.862,37.056
81.891,94.222
-40.481,22.174
5.0146,79.997
50.885,79.281
-62.198,-30.748
-68.856,88.246
63.8,95.141
-78.413,24.985
-64.22,47.712
49.31,61.022
-90.106,-86.555
-85.743,90.158
-2.1749,-0.4846
51.029,69.979
48.481,99.408
-99.121,66.226
-68.7,8.5215
23.62,81.828
69.07,86.437
67.018,75.775
49.236,79.085
-76.502,16.504
1.8045,16.549
-66.234,70.985
-93.027,66.222
-66.103,-18.454
-92.724,76.747
-22.427,49.23
-69.034,-23.486
21.192,73.577
-49.104,48.3
-35.169,-10.425
-19.642,41.928
-18.725,88.866
-65.176,-22.762
-51.081,21.96
-66.622,28.186
-62.382,61.723
-76.901,53.919
-83.944,-53.176
-27.906,48.073
38.564,65.781
-57.078,64.816
58.208,65.596
-41.326,30.938
-94.771,-38.126
4.606,57.155
-34.94,84.513
-1.5374,66.369
62.059,66.802
-73.729,11.4
-47.407,51.957
36.113,85.147
-53.269,66.542
-48.12,-8.7149
4.463,7.7203
-20.529,98.341
-4.178,51.044
96.091,98.781
-53.043,20.896
5.7118,88.982
20.396,54.531
48.813,71.434
-11.419,97.655
-89.4,85.897
-82.436,-18.097
-99.932,59.597
-93.533,-58.454
-56.143,11.413
-34.839,43.96
-80.81,-77.918
-56.671,49.507
49.702,62.204
-72.268,8.6599
-32.374,76.38
66.467,84.711
-97.449,10.514
-24.568,91.509
-66.438,78.567
-28.699,8.0446
-79.668,9.2804
-92.146,-30.664
24.561,86.646
59.325,94.318
-27.814,49.175
-74.893,28.841
-86.411,64.479
-94.97,-58.418
-6.1281,46.281
-69.981,56.275
-26.543,98.261
